window_id,train_start,train_end,validation_start,validation_end,oos_start,oos_end,n_train,n_validation,n_oos,k,selected_features,jaccard_to_next,kuncheva_to_next,xgboost_mae,xgboost_rmse,naive_mae,naive_rmse,mae_improvement_vs_naive
1,2017-11-14,2019-11-13,2019-11-14,2020-05-11,2020-05-12,2020-08-09,730,180,90,10,"[""volume_sma_14"", ""return_14d"", ""low"", ""rolling_std_30"", ""stochastic_k_14"", ""rolling_std_14"", ""ema_30"", ""sma_14"", ""return_7d"", ""bb_width_20""]",,,0.020180181761985702,0.02688838638286426,0.018686104937920195,0.027024697813029862,-0.0014940768240655072
2,2018-02-12,2020-02-11,2020-02-12,2020-08-09,2020-08-10,2020-11-07,730,180,90,10,"[""rolling_std_14"", ""ema_7"", ""close"", ""rolling_std_30"", ""ema_30"", ""stochastic_d_3"", ""return_1d"", ""macd_12_26"", ""sma_7"", ""sma_90""]",0.17647058823529413,-0.05,0.02969226853849854,0.0375253438844207,0.018058791643457285,0.02621703490777205,-0.011633476895041257
3,2018-05-13,2020-05-11,2020-05-12,2020-11-07,2020-11-08,2021-02-05,730,180,90,10,"[""bb_percent_b_20"", ""stochastic_k_14"", ""volume_sma_14"", ""return_14d"", ""obv"", ""open"", ""rolling_std_14"", ""sma_30"", ""volume"", ""ema_30""]",0.1111111111111111,-0.2,0.03530731810512085,0.04676502406365959,0.03318591724886093,0.04327783894593989,-0.0021214008562599196
4,2018-08-11,2020-08-09,2020-08-10,2021-02-05,2021-02-06,2021-05-06,730,180,90,10,"[""bb_percent_b_20"", ""return_14d"", ""obv"", ""bb_width_20"", ""sma_30"", ""open"", ""ema_30"", ""ema_14"", ""return_7d"", ""volume_sma_14""]",0.5384615384615384,0.55,0.04585480085243394,0.05899705126981074,0.030247091414246224,0.04200413126709165,-0.015607709438187713
5,2018-11-09,2020-11-07,2020-11-08,2021-05-06,2021-05-07,2021-08-04,730,180,90,10,"[""bb_percent_b_20"", ""rolling_std_14"", ""return_14d"", ""sma_30"", ""volume"", ""macd_12_26"", ""bb_width_20"", ""stochastic_d_3"", ""rsi_14"", ""return_1d""]",0.25,0.1,0.037941373570154945,0.04824052900839175,0.036580705296576393,0.04865894884196129,-0.001360668273578551
6,2019-02-07,2021-02-05,2021-02-06,2021-08-04,2021-08-05,2021-11-02,730,180,90,10,"[""volume_sma_14"", ""macd_12_26"", ""bb_percent_b_20"", ""close"", ""return_14d"", ""ema_14"", ""ema_30"", ""high"", ""stochastic_d_3"", ""return_1d""]",0.3333333333333333,0.25,0.028944846247532748,0.037472817193132946,0.027483672785336363,0.03588482790477379,-0.001461173462196385
7,2019-05-08,2021-05-06,2021-05-07,2021-11-02,2021-11-03,2022-01-31,730,180,90,10,"[""high"", ""volume_sma_14"", ""ema_14"", ""stochastic_d_3"", ""ema_30"", ""bb_percent_b_20"", ""obv"", ""bb_width_20"", ""return_14d"", ""close""]",0.6666666666666666,0.7,0.025316999525499644,0.0374468795016213,0.022813228675791747,0.031657036464408525,-0.0025037708497078967
8,2019-08-06,2021-08-04,2021-08-05,2022-01-31,2022-02-01,2022-05-01,730,180,90,10,"[""sma_14"", ""return_1d"", ""sma_90"", ""bb_percent_b_20"", ""obv"", ""return_7d"", ""sma_7"", ""rsi_14"", ""stochastic_d_3"", ""rolling_std_30""]",0.17647058823529413,-0.05,0.024983024161179784,0.03453600675508988,0.024882483003192544,0.034154837398264595,-0.00010054115798724048
9,2019-11-04,2021-11-02,2021-11-03,2022-05-01,2022-05-02,2022-07-30,730,180,90,10,"[""stochastic_k_14"", ""stochastic_d_3"", ""rsi_14"", ""sma_30"", ""rolling_std_30"", ""bb_percent_b_20"", ""return_7d"", ""return_1d"", ""sma_90"", ""atr_14""]",0.5384615384615384,0.55,0.03281119014530378,0.04642289015918599,0.030069334285262393,0.042017068226356605,-0.0027418558600413867
10,2020-02-02,2022-01-31,2022-02-01,2022-07-30,2022-07-31,2022-10-28,730,180,90,10,"[""close"", ""obv"", ""low"", ""sma_90"", ""ema_14"", ""sma_7"", ""sma_30"", ""atr_14"", ""return_3d"", ""macd_12_26""]",0.17647058823529413,-0.05,0.22232945909280863,0.2806153956975458,0.018253820159967824,0.027058157345523734,-0.2040756389328408
11,2020-05-02,2022-05-01,2022-05-02,2022-10-28,2022-10-29,2023-01-26,730,180,90,10,"[""atr_14"", ""sma_90"", ""ema_30"", ""macd_12_26"", ""bb_width_20"", ""return_3d"", ""rolling_std_30"", ""macd_signal_9"", ""macd_hist"", ""volume""]",0.25,0.1,0.018031577039443168,0.028637117408109296,0.017102411490157992,0.029483854372189006,-0.0009291655492851755
12,2020-07-31,2022-07-30,2022-07-31,2023-01-26,2023-01-27,2023-04-26,730,180,90,10,"[""rsi_14"", ""return_1d"", ""macd_12_26"", ""volume_sma_14"", ""sma_90"", ""return_3d"", ""sma_30"", ""macd_signal_9"", ""bb_percent_b_20"", ""return_14d""]",0.25,0.1,0.023685669040941902,0.03290010085868373,0.020549796119278204,0.02877176274492743,-0.003135872921663698
13,2020-10-29,2022-10-28,2022-10-29,2023-04-26,2023-04-27,2023-07-25,730,180,90,10,"[""sma_14"", ""sma_90"", ""volume_sma_14"", ""stochastic_d_3"", ""return_3d"", ""bb_percent_b_20"", ""return_1d"", ""macd_hist"", ""sma_7"", ""return_7d""]",0.3333333333333333,0.25,0.01547986267541939,0.021038796008787337,0.013508791728418467,0.019282811193439265,-0.0019710709470009222
14,2021-01-27,2023-01-26,2023-01-27,2023-07-25,2023-07-26,2023-10-23,730,180,90,10,"[""bb_percent_b_20"", ""rsi_14"", ""return_3d"", ""bb_width_20"", ""atr_14"", ""stochastic_d_3"", ""macd_hist"", ""volume_change"", ""sma_90"", ""rolling_std_14""]",0.3333333333333333,0.25,0.013085870207985116,0.02106458608033854,0.011432388465983033,0.01984409767604764,-0.001653481742002083
15,2021-04-27,2023-04-26,2023-04-27,2023-10-23,2023-10-24,2024-01-21,730,180,90,10,"[""rolling_std_14"", ""bb_width_20"", ""rsi_14"", ""return_3d"", ""stochastic_d_3"", ""macd_hist"", ""obv"", ""volume"", ""bb_percent_b_20"", ""sma_14""]",0.5384615384615384,0.55,0.017851757300116417,0.024615303331264576,0.017402907678419708,0.024415438402039108,-0.00044884962169670917
16,2021-07-26,2023-07-25,2023-07-26,2024-01-21,2024-01-22,2024-04-20,730,180,90,10,"[""rsi_14"", ""macd_signal_9"", ""ema_14"", ""bb_percent_b_20"", ""rolling_std_14"", ""obv"", ""volume"", ""stochastic_k_14"", ""return_3d"", ""stochastic_d_3""]",0.5384615384615384,0.55,0.024427619727134968,0.03304334441348746,0.023141555393694366,0.031388303512451206,-0.0012860643334406015
17,2021-10-24,2023-10-23,2023-10-24,2024-04-20,2024-04-21,2024-07-19,730,180,90,10,"[""sma_7"", ""ema_30"", ""return_3d"", ""sma_30"", ""volume"", ""rsi_14"", ""sma_90"", ""bb_percent_b_20"", ""stochastic_k_14"", ""rolling_std_14""]",0.42857142857142855,0.4,0.01933805563611925,0.025491735647994115,0.01783730433515307,0.024059273943285997,-0.0015007513009661806
18,2022-01-22,2024-01-21,2024-01-22,2024-07-19,2024-07-20,2024-10-17,730,180,90,10,"[""ema_30"", ""sma_14"", ""stochastic_k_14"", ""return_3d"", ""ema_7"", ""volume"", ""return_14d"", ""rolling_std_14"", ""sma_7"", ""macd_hist""]",0.42857142857142855,0.4,0.020691462356160765,0.027205063857444402,0.0193041009826257,0.0266632638006544,-0.0013873613735350641
19,2022-04-22,2024-04-20,2024-04-21,2024-10-17,2024-10-18,2025-01-15,730,180,90,10,"[""rsi_14"", ""return_3d"", ""sma_7"", ""macd_signal_9"", ""rolling_std_30"", ""stochastic_d_3"", ""volume"", ""obv"", ""bb_width_20"", ""stochastic_k_14""]",0.25,0.1,0.021919068336401778,0.029331958631830208,0.018898792430915697,0.026162221124260143,-0.0030202759054860813
20,2022-07-21,2024-07-19,2024-07-20,2025-01-15,2025-01-16,2025-04-15,730,180,90,10,"[""ema_7"", ""rolling_std_30"", ""atr_14"", ""sma_14"", ""bb_width_20"", ""volume"", ""macd_signal_9"", ""sma_7"", ""stochastic_k_14"", ""obv""]",0.5384615384615384,0.55,0.02171188883418238,0.029580641755109074,0.020728858941807225,0.028629946476947974,-0.0009830298923751563
21,2022-10-19,2024-10-17,2024-10-18,2025-04-15,2025-04-16,2025-07-14,730,180,90,10,"[""atr_14"", ""ema_7"", ""sma_14"", ""sma_30"", ""rolling_std_14"", ""bb_width_20"", ""stochastic_k_14"", ""return_1d"", ""macd_signal_9"", ""sma_7""]",0.5384615384615384,0.55,0.023124760406239293,0.02857535140727488,0.012756581156167695,0.017975359003719757,-0.010368179250071599
22,2023-01-17,2025-01-15,2025-01-16,2025-07-14,2025-07-15,2025-10-12,730,180,90,10,"[""ema_7"", ""return_14d"", ""macd_signal_9"", ""sma_14"", ""macd_12_26"", ""sma_30"", ""obv"", ""ema_30"", ""close"", ""stochastic_k_14""]",0.3333333333333333,0.25,0.013069971949625874,0.01792431940236835,0.01260783386241154,0.017609861334439047,-0.0004621380872143338
