dataset,window_id,open,high,low,close,volume,return_1d,return_3d,return_7d,return_14d,rsi_14,macd_12_26,macd_signal_9,macd_hist,stochastic_k_14,stochastic_d_3,sma_7,sma_14,sma_30,sma_90,ema_7,ema_14,ema_30,atr_14,bb_width_20,bb_percent_b_20,rolling_std_14,rolling_std_30,obv,volume_sma_14,volume_change
Binance,1,0,0,1,0,0,0,0,1,1,0,0,0,0,1,0,0,1,0,0,0,0,1,0,1,0,1,1,0,1,0
Binance,2,0,0,0,1,0,1,0,0,0,0,1,0,0,0,1,1,0,0,1,1,0,1,0,0,0,1,1,0,0,0
Binance,3,1,0,0,0,1,0,0,0,1,0,0,0,0,1,0,0,0,1,0,0,0,1,0,0,1,1,0,1,1,0
Binance,4,1,0,0,0,0,0,0,1,1,0,0,0,0,0,0,0,0,1,0,0,1,1,0,1,1,0,0,1,1,0
Binance,5,0,0,0,0,1,1,0,0,1,1,1,0,0,0,1,0,0,1,0,0,0,0,0,1,1,1,0,0,0,0
Binance,6,0,1,0,1,0,1,0,0,1,0,1,0,0,0,1,0,0,0,0,0,1,1,0,0,1,0,0,0,1,0
Binance,7,0,1,0,1,0,0,0,0,1,0,0,0,0,0,1,0,0,0,0,0,1,1,0,1,1,0,0,1,1,0
Binance,8,0,0,0,0,0,1,0,1,0,1,0,0,0,0,1,1,1,0,1,0,0,0,0,0,1,0,1,1,0,0
Binance,9,0,0,0,0,0,1,0,1,0,1,0,0,0,1,1,0,0,1,1,0,0,0,1,0,1,0,1,0,0,0
Binance,10,0,0,1,1,0,0,1,0,0,0,1,0,0,0,0,1,0,1,1,0,1,0,1,0,0,0,0,1,0,0
Binance,11,0,0,0,0,1,0,1,0,0,0,1,1,1,0,0,0,0,0,1,0,0,1,1,1,0,0,1,0,0,0
Binance,12,0,0,0,0,0,1,1,0,1,1,1,1,0,0,0,0,0,1,1,0,0,0,0,0,1,0,0,0,1,0
Binance,13,0,0,0,0,0,1,1,1,0,0,0,0,1,0,1,1,1,0,1,0,0,0,0,0,1,0,0,0,1,0
Binance,14,0,0,0,0,0,0,1,0,0,1,0,0,1,0,1,0,0,0,1,0,0,0,1,1,1,1,0,0,0,1
Binance,15,0,0,0,0,1,0,1,0,0,1,0,0,1,0,1,0,1,0,0,0,0,0,0,1,1,1,0,1,0,0
Binance,16,0,0,0,0,1,0,1,0,0,1,0,1,0,1,1,0,0,0,0,0,1,0,0,0,1,1,0,1,0,0
Binance,17,0,0,0,0,1,0,1,0,0,1,0,0,0,1,0,1,0,1,1,0,0,1,0,0,1,1,0,0,0,0
Binance,18,0,0,0,0,1,0,1,0,1,0,0,0,1,1,0,1,1,0,0,1,0,1,0,0,0,1,0,0,0,0
Binance,19,0,0,0,0,1,0,1,0,0,1,0,1,0,1,1,1,0,0,0,0,0,0,0,1,0,0,1,1,0,0
Binance,20,0,0,0,0,1,0,0,0,0,0,0,1,0,1,0,1,1,0,0,1,0,0,1,1,0,0,1,1,0,0
Binance,21,0,0,0,0,0,1,0,0,0,0,0,1,0,1,0,1,1,1,0,1,0,0,1,1,0,1,0,0,0,0
Binance,22,0,0,0,1,0,0,0,0,1,0,1,1,0,1,0,0,1,1,0,1,0,1,0,0,0,0,0,1,0,0
Coinbase,1,0,0,0,0,0,0,1,1,0,1,1,0,0,0,0,0,0,1,0,0,0,1,0,0,1,0,1,1,1,0
Coinbase,2,0,0,0,0,0,0,1,0,0,1,0,0,1,0,0,1,0,0,0,0,1,0,1,0,1,0,1,1,1,0
Coinbase,3,0,0,0,0,0,0,0,0,1,1,0,0,0,0,1,0,0,1,1,0,1,1,0,0,1,0,1,0,1,0
Coinbase,4,1,0,0,1,0,0,0,0,1,0,0,1,0,0,0,0,1,1,0,0,1,0,1,0,1,0,0,0,1,0
Coinbase,5,1,0,0,0,0,0,0,0,1,1,0,0,0,0,0,0,0,1,1,0,1,1,1,0,1,0,0,0,1,0
Coinbase,6,0,0,0,1,1,0,0,0,0,1,0,1,0,0,0,1,0,1,1,0,1,0,0,0,1,0,0,0,1,0
Coinbase,7,0,0,0,0,0,0,0,0,1,1,0,1,1,0,1,1,0,1,1,0,1,1,0,0,0,0,0,0,0,0
Coinbase,8,0,0,0,0,0,0,0,0,1,1,0,1,0,0,0,1,0,1,0,1,1,0,0,0,1,1,0,0,1,0
Coinbase,9,0,0,0,1,0,0,0,0,1,1,0,1,0,0,0,0,0,1,0,0,1,1,0,0,0,1,0,1,1,0
Coinbase,10,0,0,0,1,0,0,1,0,1,0,0,1,0,1,0,0,0,1,0,0,0,0,0,1,0,1,1,1,0,0
Coinbase,11,0,0,0,1,0,0,1,0,1,0,0,0,0,0,0,1,1,1,1,0,1,0,0,0,1,0,1,0,0,0
Coinbase,12,1,0,0,1,0,0,1,0,1,0,1,0,0,0,1,0,0,1,0,0,1,0,0,0,1,0,1,0,0,0
Coinbase,13,0,0,0,1,0,0,1,0,1,0,1,0,0,1,1,0,0,0,0,0,0,0,0,1,1,1,0,0,1,0
Coinbase,14,1,0,0,1,0,0,0,1,1,0,1,0,0,0,1,0,0,0,0,0,1,1,0,0,1,0,0,1,0,0
Coinbase,15,0,1,0,0,0,0,0,1,1,0,0,0,0,0,0,1,1,0,0,0,1,1,1,0,1,0,0,1,0,0
Coinbase,16,1,0,0,0,0,1,0,1,0,1,0,0,1,0,0,1,0,0,1,0,1,0,1,0,0,0,0,1,0,0
Coinbase,17,0,0,0,0,0,0,0,0,0,0,0,0,1,0,1,0,1,0,1,0,0,0,1,1,1,0,1,1,0,1
Coinbase,18,0,0,0,1,0,1,1,0,0,1,1,0,0,0,1,0,0,0,1,0,0,0,0,1,0,0,0,1,0,1
Coinbase,19,0,0,1,0,0,0,1,1,0,1,1,0,1,0,0,1,0,0,1,0,0,0,0,0,0,0,1,0,1,0
Coinbase,20,0,0,1,1,0,0,1,0,0,1,0,1,0,0,1,1,0,0,0,0,1,0,0,0,0,1,0,1,0,0
Coinbase,21,0,0,0,0,0,0,1,0,1,0,1,0,0,0,0,0,1,1,1,0,0,0,0,1,1,1,0,1,0,0
Coinbase,22,0,0,0,0,0,0,1,0,1,1,1,1,1,0,0,0,1,0,0,0,0,0,0,1,1,0,0,1,0,0
Coinbase,23,0,0,0,0,1,0,1,0,0,1,0,1,1,0,0,1,0,0,1,0,1,0,0,0,1,1,0,0,0,0
Coinbase,24,0,0,0,0,1,0,1,1,0,1,0,0,0,1,0,0,0,0,0,0,0,1,1,1,1,1,0,0,0,0
Coinbase,25,0,0,0,0,0,1,0,0,0,0,0,0,0,1,0,1,0,0,1,0,1,1,1,1,1,1,0,0,0,0
Coinbase,26,0,0,0,0,1,0,1,1,0,0,1,0,0,1,0,0,1,0,0,0,1,1,0,0,1,1,0,0,0,0
Coinbase,27,0,0,0,0,0,0,1,0,0,0,0,1,0,1,0,0,1,1,0,1,1,1,0,0,1,0,0,0,0,1
Coinbase,28,0,0,0,0,1,0,0,1,0,1,0,0,0,1,0,1,1,0,0,0,1,0,1,0,1,0,0,1,0,0
Coinbase,29,0,0,0,0,1,0,1,0,0,1,0,0,0,1,0,0,1,1,0,1,0,0,1,0,1,0,0,1,0,0
Coinbase,30,0,0,0,0,0,1,0,0,1,1,0,0,1,1,0,0,0,1,0,1,0,0,0,0,1,0,1,1,0,0
Coinbase,31,0,0,0,1,0,1,0,0,1,0,1,0,1,1,0,0,0,1,0,0,0,0,0,0,0,1,1,1,0,0
