dataset,feature,times_selected,windows_total,pct_windows,rank
Binance,bb_percent_b_20,13,22,59.0909,1
Binance,stochastic_d_3,11,22,50.0,2
Binance,bb_width_20,10,22,45.4545,3
Binance,ema_30,10,22,45.4545,4
Binance,obv,10,22,45.4545,5
Binance,return_3d,10,22,45.4545,6
Binance,rolling_std_14,10,22,45.4545,7
Binance,stochastic_k_14,10,22,45.4545,8
Binance,return_14d,9,22,40.9091,9
Binance,rsi_14,9,22,40.9091,10
Binance,sma_30,9,22,40.9091,11
Binance,sma_7,9,22,40.9091,12
Binance,sma_90,9,22,40.9091,13
Binance,volume,9,22,40.9091,14
Binance,return_1d,8,22,36.3636,15
Binance,sma_14,8,22,36.3636,16
Binance,macd_12_26,7,22,31.8182,17
Binance,macd_signal_9,7,22,31.8182,18
Binance,rolling_std_30,7,22,31.8182,19
Binance,volume_sma_14,7,22,31.8182,20
Binance,atr_14,6,22,27.2727,21
Binance,close,5,22,22.7273,22
Binance,ema_14,5,22,22.7273,23
Binance,ema_7,5,22,22.7273,24
Binance,macd_hist,5,22,22.7273,25
Binance,return_7d,5,22,22.7273,26
Binance,high,2,22,9.0909,27
Binance,low,2,22,9.0909,28
Binance,open,2,22,9.0909,29
Binance,volume_change,1,22,4.5455,30
Coinbase,bb_percent_b_20,23,31,74.1935,1
Coinbase,ema_14,19,31,61.2903,2
Coinbase,rsi_14,18,31,58.0645,3
Coinbase,obv,16,31,51.6129,4
Coinbase,return_14d,16,31,51.6129,5
Coinbase,return_3d,16,31,51.6129,6
Coinbase,sma_30,16,31,51.6129,7
Coinbase,sma_7,12,31,38.7097,8
Coinbase,sma_90,12,31,38.7097,9
Coinbase,close,11,31,35.4839,10
Coinbase,ema_30,11,31,35.4839,11
Coinbase,rolling_std_14,11,31,35.4839,12
Coinbase,atr_14,10,31,32.2581,13
Coinbase,macd_12_26,10,31,32.2581,14
Coinbase,macd_signal_9,10,31,32.2581,15
Coinbase,rolling_std_30,10,31,32.2581,16
Coinbase,sma_14,10,31,32.2581,17
Coinbase,stochastic_k_14,10,31,32.2581,18
Coinbase,volume_sma_14,10,31,32.2581,19
Coinbase,macd_hist,9,31,29.0323,20
Coinbase,bb_width_20,8,31,25.8065,21
Coinbase,return_7d,8,31,25.8065,22
Coinbase,stochastic_d_3,8,31,25.8065,23
Coinbase,volume,6,31,19.3548,24
Coinbase,open,5,31,16.129,25
Coinbase,return_1d,5,31,16.129,26
Coinbase,ema_7,4,31,12.9032,27
Coinbase,volume_change,3,31,9.6774,28
Coinbase,low,2,31,6.4516,29
Coinbase,high,1,31,3.2258,30
