dataset,t,window_t,window_t_plus_1,jaccard_t,kuncheva_t,mae_t_plus_1,rmse_t_plus_1,oos_start_t_plus_1,oos_end_t_plus_1
Binance,1,1,2,0.17647058823529413,-0.05,0.0296922685384985,0.0375253438844207,2020-08-10,2020-11-07
Binance,2,2,3,0.1111111111111111,-0.2,0.0353073181051208,0.0467650240636595,2020-11-08,2021-02-05
Binance,3,3,4,0.5384615384615384,0.55,0.0458548008524339,0.0589970512698107,2021-02-06,2021-05-06
Binance,4,4,5,0.25,0.1,0.0379413735701549,0.0482405290083917,2021-05-07,2021-08-04
Binance,5,5,6,0.3333333333333333,0.25,0.0289448462475327,0.0374728171931329,2021-08-05,2021-11-02
Binance,6,6,7,0.6666666666666666,0.7,0.0253169995254996,0.0374468795016213,2021-11-03,2022-01-31
Binance,7,7,8,0.17647058823529413,-0.05,0.0249830241611797,0.0345360067550898,2022-02-01,2022-05-01
Binance,8,8,9,0.5384615384615384,0.55,0.0328111901453037,0.0464228901591859,2022-05-02,2022-07-30
Binance,9,9,10,0.17647058823529413,-0.05,0.2223294590928086,0.2806153956975458,2022-07-31,2022-10-28
Binance,10,10,11,0.25,0.1,0.0180315770394431,0.0286371174081092,2022-10-29,2023-01-26
Binance,11,11,12,0.25,0.1,0.0236856690409419,0.0329001008586837,2023-01-27,2023-04-26
Binance,12,12,13,0.3333333333333333,0.25,0.0154798626754193,0.0210387960087873,2023-04-27,2023-07-25
Binance,13,13,14,0.3333333333333333,0.25,0.0130858702079851,0.0210645860803385,2023-07-26,2023-10-23
Binance,14,14,15,0.5384615384615384,0.55,0.0178517573001164,0.0246153033312645,2023-10-24,2024-01-21
Binance,15,15,16,0.5384615384615384,0.55,0.0244276197271349,0.0330433444134874,2024-01-22,2024-04-20
Binance,16,16,17,0.42857142857142855,0.4,0.0193380556361192,0.0254917356479941,2024-04-21,2024-07-19
Binance,17,17,18,0.42857142857142855,0.4,0.0206914623561607,0.0272050638574444,2024-07-20,2024-10-17
Binance,18,18,19,0.25,0.1,0.0219190683364017,0.0293319586318302,2024-10-18,2025-01-15
Binance,19,19,20,0.5384615384615384,0.55,0.0217118888341823,0.029580641755109,2025-01-16,2025-04-15
Binance,20,20,21,0.5384615384615384,0.55,0.0231247604062392,0.0285753514072748,2025-04-16,2025-07-14
Binance,21,21,22,0.3333333333333333,0.25,0.0130699719496258,0.0179243194023683,2025-07-15,2025-10-12
Coinbase,1,1,2,0.42857142857142855,0.4,0.0214598198443796,0.0307547748342275,2018-07-13,2018-10-10
Coinbase,2,2,3,0.3333333333333333,0.25,0.0338274488462425,0.0518169776033058,2018-10-11,2019-01-08
Coinbase,3,3,4,0.3333333333333333,0.25,0.0155739902922649,0.0286499252925348,2019-01-09,2019-04-08
Coinbase,4,4,5,0.5384615384615384,0.55,0.0341265873318101,0.0467581740045037,2019-04-09,2019-07-07
Coinbase,5,5,6,0.42857142857142855,0.4,0.0288770523914343,0.0400073813200997,2019-07-08,2019-10-05
Coinbase,6,6,7,0.42857142857142855,0.4,0.0224926076733126,0.033258871335447,2019-10-06,2020-01-03
Coinbase,7,7,8,0.42857142857142855,0.4,0.0386463585769442,0.0689872833512276,2020-01-04,2020-04-02
Coinbase,8,8,9,0.5384615384615384,0.55,0.0323061281439636,0.0417279821149976,2020-04-03,2020-07-01
Coinbase,9,9,10,0.42857142857142855,0.4,0.0222673388329445,0.0277844608059766,2020-07-02,2020-09-29
Coinbase,10,10,11,0.3333333333333333,0.25,0.0370304532690612,0.0467071801599652,2020-09-30,2020-12-28
Coinbase,11,11,12,0.5384615384615384,0.55,0.0387327720726127,0.0503496692633225,2020-12-29,2021-03-28
Coinbase,12,12,13,0.42857142857142855,0.4,0.0403419365469789,0.0547695298241208,2021-03-29,2021-06-26
Coinbase,13,13,14,0.3333333333333333,0.25,0.0277672482202363,0.0354205866086492,2021-06-27,2021-09-24
Coinbase,14,14,15,0.42857142857142855,0.4,0.0316408568325291,0.0397096894760616,2021-09-25,2021-12-23
Coinbase,15,15,16,0.3333333333333333,0.25,0.0248412177819894,0.0353728872607694,2021-12-24,2022-03-23
Coinbase,16,16,17,0.25,0.1,0.030630492701005,0.0440347016006169,2022-03-24,2022-06-21
Coinbase,17,17,18,0.3333333333333333,0.25,0.0330945935007049,0.0571073947949735,2022-06-22,2022-09-19
Coinbase,18,18,19,0.25,0.1,0.0195229721943353,0.0293652694387366,2022-09-20,2022-12-18
Coinbase,19,19,20,0.25,0.1,0.0183041699909424,0.0270498181104133,2022-12-19,2023-03-18
Coinbase,20,20,21,0.17647058823529413,-0.05,0.0168308049434029,0.0219486713594503,2023-03-19,2023-06-16
Coinbase,21,21,22,0.5384615384615384,0.55,0.0120526394951879,0.0189600112513797,2023-06-17,2023-09-14
Coinbase,22,22,23,0.3333333333333333,0.25,0.0149464726608046,0.0224332292270341,2023-09-15,2023-12-13
Coinbase,23,23,24,0.3333333333333333,0.25,0.0215490603151427,0.0307887578465544,2023-12-14,2024-03-12
Coinbase,24,24,25,0.42857142857142855,0.4,0.0249526450230506,0.0333769813933933,2024-03-13,2024-06-10
Coinbase,25,25,26,0.3333333333333333,0.25,0.0212521942304617,0.0282731522931387,2024-06-11,2024-09-08
Coinbase,26,26,27,0.42857142857142855,0.4,0.0234520438441737,0.0316673623277475,2024-09-09,2024-12-07
Coinbase,27,27,28,0.25,0.1,0.0211452499276262,0.028126040954444,2024-12-08,2025-03-07
Coinbase,28,28,29,0.5384615384615384,0.55,0.0194204363755748,0.0262714413806554,2025-03-08,2025-06-05
Coinbase,29,29,30,0.42857142857142855,0.4,0.013154772802326,0.0172485254078774,2025-06-06,2025-09-03
Coinbase,30,30,31,0.5384615384615384,0.55,0.0220563198617964,0.0298817756803301,2025-09-04,2025-12-02
