dataset,t,jaccard_J_t,jaccard_stored_row,kuncheva_J_t,mae_t_plus_1,rmse_t_plus_1,mae_t_used_for_negative_test,mae_t_plus_2_used_for_negative_test
Binance,1,0.17647058823529413,2,-0.05,0.0296922685384985,0.0375253438844207,0.0201801817619857,0.0353073181051208
Binance,2,0.1111111111111111,3,-0.2,0.0353073181051208,0.0467650240636595,0.0296922685384985,0.0458548008524339
Binance,3,0.5384615384615384,4,0.55,0.0458548008524339,0.0589970512698107,0.0353073181051208,0.0379413735701549
Binance,4,0.25,5,0.1,0.0379413735701549,0.0482405290083917,0.0458548008524339,0.0289448462475327
Binance,5,0.3333333333333333,6,0.25,0.0289448462475327,0.0374728171931329,0.0379413735701549,0.0253169995254996
Binance,6,0.6666666666666666,7,0.7,0.0253169995254996,0.0374468795016213,0.0289448462475327,0.0249830241611797
Binance,7,0.17647058823529413,8,-0.05,0.0249830241611797,0.0345360067550898,0.0253169995254996,0.0328111901453037
Binance,8,0.5384615384615384,9,0.55,0.0328111901453037,0.0464228901591859,0.0249830241611797,0.2223294590928086
Binance,9,0.17647058823529413,10,-0.05,0.2223294590928086,0.2806153956975458,0.0328111901453037,0.0180315770394431
Binance,10,0.25,11,0.1,0.0180315770394431,0.0286371174081092,0.2223294590928086,0.0236856690409419
Binance,11,0.25,12,0.1,0.0236856690409419,0.0329001008586837,0.0180315770394431,0.0154798626754193
Binance,12,0.3333333333333333,13,0.25,0.0154798626754193,0.0210387960087873,0.0236856690409419,0.0130858702079851
Binance,13,0.3333333333333333,14,0.25,0.0130858702079851,0.0210645860803385,0.0154798626754193,0.0178517573001164
Binance,14,0.5384615384615384,15,0.55,0.0178517573001164,0.0246153033312645,0.0130858702079851,0.0244276197271349
Binance,15,0.5384615384615384,16,0.55,0.0244276197271349,0.0330433444134874,0.0178517573001164,0.0193380556361192
Binance,16,0.42857142857142855,17,0.4,0.0193380556361192,0.0254917356479941,0.0244276197271349,0.0206914623561607
Binance,17,0.42857142857142855,18,0.4,0.0206914623561607,0.0272050638574444,0.0193380556361192,0.0219190683364017
Binance,18,0.25,19,0.1,0.0219190683364017,0.0293319586318302,0.0206914623561607,0.0217118888341823
Binance,19,0.5384615384615384,20,0.55,0.0217118888341823,0.029580641755109,0.0219190683364017,0.0231247604062392
Binance,20,0.5384615384615384,21,0.55,0.0231247604062392,0.0285753514072748,0.0217118888341823,0.0130699719496258
Binance,21,0.3333333333333333,22,0.25,0.0130699719496258,0.0179243194023683,0.0231247604062392,
Coinbase,1,0.42857142857142855,2,0.4,0.0214598198443796,0.0307547748342275,0.0264964259935571,0.0338274488462425
Coinbase,2,0.3333333333333333,3,0.25,0.0338274488462425,0.0518169776033058,0.0214598198443796,0.0155739902922649
Coinbase,3,0.3333333333333333,4,0.25,0.0155739902922649,0.0286499252925348,0.0338274488462425,0.0341265873318101
Coinbase,4,0.5384615384615384,5,0.55,0.0341265873318101,0.0467581740045037,0.0155739902922649,0.0288770523914343
Coinbase,5,0.42857142857142855,6,0.4,0.0288770523914343,0.0400073813200997,0.0341265873318101,0.0224926076733126
Coinbase,6,0.42857142857142855,7,0.4,0.0224926076733126,0.033258871335447,0.0288770523914343,0.0386463585769442
Coinbase,7,0.42857142857142855,8,0.4,0.0386463585769442,0.0689872833512276,0.0224926076733126,0.0323061281439636
Coinbase,8,0.5384615384615384,9,0.55,0.0323061281439636,0.0417279821149976,0.0386463585769442,0.0222673388329445
Coinbase,9,0.42857142857142855,10,0.4,0.0222673388329445,0.0277844608059766,0.0323061281439636,0.0370304532690612
Coinbase,10,0.3333333333333333,11,0.25,0.0370304532690612,0.0467071801599652,0.0222673388329445,0.0387327720726127
Coinbase,11,0.5384615384615384,12,0.55,0.0387327720726127,0.0503496692633225,0.0370304532690612,0.0403419365469789
Coinbase,12,0.42857142857142855,13,0.4,0.0403419365469789,0.0547695298241208,0.0387327720726127,0.0277672482202363
Coinbase,13,0.3333333333333333,14,0.25,0.0277672482202363,0.0354205866086492,0.0403419365469789,0.0316408568325291
Coinbase,14,0.42857142857142855,15,0.4,0.0316408568325291,0.0397096894760616,0.0277672482202363,0.0248412177819894
Coinbase,15,0.3333333333333333,16,0.25,0.0248412177819894,0.0353728872607694,0.0316408568325291,0.030630492701005
Coinbase,16,0.25,17,0.1,0.030630492701005,0.0440347016006169,0.0248412177819894,0.0330945935007049
Coinbase,17,0.3333333333333333,18,0.25,0.0330945935007049,0.0571073947949735,0.030630492701005,0.0195229721943353
Coinbase,18,0.25,19,0.1,0.0195229721943353,0.0293652694387366,0.0330945935007049,0.0183041699909424
Coinbase,19,0.25,20,0.1,0.0183041699909424,0.0270498181104133,0.0195229721943353,0.0168308049434029
Coinbase,20,0.17647058823529413,21,-0.05,0.0168308049434029,0.0219486713594503,0.0183041699909424,0.0120526394951879
Coinbase,21,0.5384615384615384,22,0.55,0.0120526394951879,0.0189600112513797,0.0168308049434029,0.0149464726608046
Coinbase,22,0.3333333333333333,23,0.25,0.0149464726608046,0.0224332292270341,0.0120526394951879,0.0215490603151427
Coinbase,23,0.3333333333333333,24,0.25,0.0215490603151427,0.0307887578465544,0.0149464726608046,0.0249526450230506
Coinbase,24,0.42857142857142855,25,0.4,0.0249526450230506,0.0333769813933933,0.0215490603151427,0.0212521942304617
Coinbase,25,0.3333333333333333,26,0.25,0.0212521942304617,0.0282731522931387,0.0249526450230506,0.0234520438441737
Coinbase,26,0.42857142857142855,27,0.4,0.0234520438441737,0.0316673623277475,0.0212521942304617,0.0211452499276262
Coinbase,27,0.25,28,0.1,0.0211452499276262,0.028126040954444,0.0234520438441737,0.0194204363755748
Coinbase,28,0.5384615384615384,29,0.55,0.0194204363755748,0.0262714413806554,0.0211452499276262,0.013154772802326
Coinbase,29,0.42857142857142855,30,0.4,0.013154772802326,0.0172485254078774,0.0194204363755748,0.0220563198617964
Coinbase,30,0.5384615384615384,31,0.55,0.0220563198617964,0.0298817756803301,0.013154772802326,
