decision_id,component,current_rule,rule_type,paper,authors,year,doi,dataset,domain,frequency,period,target,exact_configuration,evaluation_method,reported_result,evidence_strength,applicability_to_our_study,limitations,alternative_rules,recommended_rule,justification,status
M01,Target,next-day log return,B,El Youssefi et al.,El Youssefi; Hessane; Zeroual; Farhaoui,2025,10.32604/cmc.2025.063218,BTC/USDT etc,crypto,daily aggregated,2017-2025,log return,log returns described; forecast horizons 1-20d,walk-forward; R2/RMSLE,returns used but not target comparison,MEDIUM,same asset/frequency context,no head-to-head target test,price; simple return; direction,provisional log-return target,fits continuous error RQ; superiority unproven,PROVISIONAL
M02,Dataset,Binance BTCUSDT spot daily,A,Phase 2 audit,project artifact,2026,,Binance BTCUSDT,crypto,daily,2017-08-17 to 2025-12-31,OHLCV,3059 raw rows; hash pinned,integrity audit,0 gaps/duplicates in observed span,HIGH,exact data,exchange history may revise,Coinbase; other pair,retain snapshot,frozen source-of-truth,LOCKED
M03,Frequency,daily 1d,E,Phase 2 audit,project artifact,2026,,Binance BTCUSDT,crypto,daily,2017-2025,OHLCV,1d candle,data audit,3059 verified rows,MEDIUM,exact task input,frequency not experimentally compared,hourly; 4h,daily provisional,dataset choice not optimum,PROVISIONAL
M04,Feature pool,30 OHLCV/technical predictors,B,Youssefi 2025; Bysik 2026,Youssefi et al.; Bysik & Ślepaczuk,2025;2026,10.32604/cmc.2025.063218; arXiv:2606.00060,BTC/USDT multi-crypto,crypto,daily/hourly,2017-2026,prices/returns,>130 features reduced to 20; Bysik OHLCV+TA+EGARCH,walk-forward,feature-selection effects vary,MEDIUM,families relevant,not exact list,OHLCV only; larger TA,retain registry pending freeze,family precedent only,PROVISIONAL
M05,Indicator parameters,RSI14 MACD12/26/9 Stoch14/3 SMA7/14/30/90 EMA7/14/30 ATR14 BB20±2 SD14/30,B,Youssefi 2025; Bysik 2026,Youssefi et al.; Bysik & Ślepaczuk,2025;2026,10.32604/cmc.2025.063218; arXiv:2606.00060,BTC crypto,crypto,daily/hourly,2017-2026,price/return,families; exact lengths not fully verified,walk-forward,no evidence all exact params,LOW,family-level,common conventions not proof,alternative lookbacks,do not claim optimal,exact registry insufficiently sourced,UNSUPPORTED
M06,Return representation,log return lags,B,Youssefi 2025,Youssefi et al.,2025,10.32604/cmc.2025.063218,BTC/USDT crypto,crypto,daily aggregated,2017-2025,log returns,paper explicitly describes log returns,walk-forward,log return used,MEDIUM,crypto precedent,not exact lag set,simple return; price,provisional log return features,coherent and additive,PROVISIONAL
M07,Window type,rolling,B/C,Bysik 2026; Tashman 2000,Bysik & Ślepaczuk; Tashman,2026;2000,arXiv:2606.00060; 10.1016/S0169-2070(00)00065-0,BTC/general forecasting,crypto/forecasting,hourly/mixed,2018-2026,returns,walk-forward folds; rolling origin evaluation,OOS,regime coverage,MEDIUM,BTC but hourly,rolling vs expanding not compared,expanding,rolling candidate,adapts recency but not proven best,PROVISIONAL
M08,Train length,730 days,B,Youssefi 2025; Bysik 2026,Youssefi et al.; Bysik & Ślepaczuk,2025;2026,10.32604/cmc.2025.063218; arXiv:2606.00060,BTC/crypto,crypto,daily/hourly,2017-2026,price/returns,Youssefi 2y initial; Bysik 12m train,walk-forward,design precedents only,MEDIUM,direct context,no length comparison,1y; expanding; 3y,730 provisional,not optimum claim,PROVISIONAL
M09,Validation length,90 days,B,Bysik 2026; Youssefi 2025,Bysik & Ślepaczuk; Youssefi et al.,2026;2025,arXiv:2606.00060; 10.32604/cmc.2025.063218,BTC/crypto,crypto,hourly/daily,2017-2026,returns/price,Bysik 3mo; Youssefi 6mo,walk-forward,conflicting prior values,MEDIUM,temporal precedent,frequency differs,30d;180d,provisional,not empirically optimized,PROVISIONAL
M10,OOS length,30 days,B,Youssefi 2025; Bysik 2026,Youssefi et al.; Bysik & Ślepaczuk,2025;2026,10.32604/cmc.2025.063218; arXiv:2606.00060,BTC/crypto,crypto,daily/hourly,2017-2026,price/returns,1-20d horizons; Bysik 3mo test,walk-forward,no direct 30d optimum,LOW,related,window error noisy,7d;90d,not yet locked,set by estimand/power,REQUIRES DECISION
M11,Step size,30 days,B,Youssefi 2025; Bysik 2026,Youssefi et al.; Bysik & Ślepaczuk,2025;2026,10.32604/cmc.2025.063218; arXiv:2606.00060,BTC/crypto,crypto,daily/hourly,2017-2026,price/returns,Youssefi monthly; Bysik quarterly,walk-forward,periodic retraining,LOW,precedent differs,frequency mismatch,overlapping shorter step,30d candidate,test block nonoverlap,PROVISIONAL
M12,Selector,XGBoost importance,C/D,Youssefi 2025; Chen & Guestrin 2016,Youssefi et al.; Chen & Guestrin,2025;2016,10.32604/cmc.2025.063218; 10.1145/2939672.2939785,BTC and algorithm paper,crypto/ML,daily aggregated,2017-2025,price,Youssefi MI/RFE/RFI; not XGB gain,walk-forward,multiple methods assessed,LOW,feasible selector,no direct superiority,MI; RFE; RF importance,candidate only,fit research purpose then freeze,REQUIRES DECISION
M13,Importance,Gain,D,Chen & Guestrin 2016; XGBoost docs,Chen & Guestrin,2016,,tree models,ML,varied,2016+,n/a,split loss improvement; Weight/Cover differ,n/a,importance definitions differ,LOW,operational transparency,correlation/substitution bias,Permutation; SHAP; cover,not uniquely justified,not intrinsic relevance,UNSUPPORTED
M14,Top-K,K10 pilot; candidates 10/15/20,B/E,Youssefi 2025; Bysik 2026,Youssefi et al.; Bysik & Ślepaczuk,2025;2026,10.32604/cmc.2025.063218; arXiv:2606.00060,BTC/crypto,crypto,daily/hourly,2017-2026,price/returns,Youssefi 20/130; Bysik 10 family TA features,walk-forward,neither validates K10 here,MEDIUM,top-k precedent,pilot K chosen on one validation,threshold; nested validation,do not freeze K10 from pilot,must fix K for Kuncheva,REQUIRES DECISION
M15,Jaccard,intersection/union,B/D,Bysik 2026; Nogueira 2018,Bysik & Ślepaczuk; Nogueira et al.,2026;2018,arXiv:2606.00060,BTC hourly; general FS,crypto/ML,hourly,2018-2026,selected features,"adjacent folds, diagnostic appendix",Jaccard summary,mean 0.673 range .333-1 in Bysik,MEDIUM,BTC temporal diagnostic,no chance correction,Kuncheva; Nogueira,primary descriptive candidate,clear raw overlap,PROVISIONAL
M16,Kuncheva,chance-corrected set overlap,D,Kuncheva 2007; Nogueira 2018,Kuncheva; Nogueira et al.,2007;2018,,general FS,ML,varied,2007-2018,subsets,"(rN-k^2)/(k(N-k)); fixed equal k,N",subset agreement,adjusts expected random overlap,LOW,complementary,invalid varying cardinality/universe,Nogueira stability,retain only fixed K and universe,chance-adjusted complement,PROVISIONAL
M17,Forecast model,PatchTST candidate,C/D,Nie et al. 2023,Nie et al.,2023,arXiv:2211.14730,benchmark TS,general TS,varied,benchmark sets,multivariate values,"patching, channel independence",long-term forecast benchmark,author-reported benchmark gains,LOW,multivariate model family,not BTC daily return; modest n,linear; XGB,do not lock primary,needs task-specific argument,REQUIRES DECISION
M18,PatchTST inputs,patch/channel-independent,D,Nie et al. 2023,Nie et al.,2023,arXiv:2211.14730,general TS,forecasting,varied,benchmark,series values,channel-independent shared weights,benchmark,long-term forecasting performance,LOW,temporal model,cross-var interactions not explicit,multivariate variants,specify only if chosen,small daily sample issue,UNSUPPORTED
M19,Naive baseline,zero return forecast,D,forecasting baseline convention,Hyndman & Athanasopoulos,2021,,general forecast,time-series,varied,varied,continuous,forecast return=0,MAE/RMSE,baseline not BTC-specific evidence,LOW,natural no-change return comparator,distinguish price persistence,train mean; drift,retain and name exact,transparent reference,PROVISIONAL
M20,XGB model settings,120 trees depth3 eta.05 lambda1,E,pilot code,project artifact,2026,,BTC snapshot,crypto,daily,pilot,log return,120 estimators depth3 learning rate .05 seed42,OOS pilot,mixed against zero baseline,INSUFFICIENT,pilot only,ad hoc and not comparative,prespecified; validation tuning,not final,no pilot result justification,UNSUPPORTED
M21,MAE,mean absolute error,D,Forecasting Principles and Practice,Hyndman & Athanasopoulos,2021,,general forecast,forecasting,varied,varied,continuous,mean absolute residual,OOS metrics,same target units,LOW,return units interpretable,linear penalty not tail emphasis,RMSE,retain alongside RMSE,suitable descriptive metric,PROVISIONAL
M22,RMSE,root mean square error,D,Forecasting Principles and Practice,Hyndman & Athanasopoulos,2021,,general forecast,forecasting,varied,varied,continuous,sqrt mean squared residual,OOS metrics,quadratic penalty large misses,LOW,return units,tail-sensitive,MAE,retain with MAE,complementary not sole,PROVISIONAL
M23,Association,Spearman rho,D,Elmakias 2026; rank methods,Elmakias et al.,2026,10.3390/math14132372,binary datasets + synthetic,general FS,varied,2026,held-out AUC,descriptive stability alongside performance,profile not BTC association,not inference of stability-error,LOW,conceptual fit,few windows/dependence affect p,Pearson; Kendall; regression HAC,exploratory only,"noncausal, final inference unresolved",REQUIRES DECISION
M24,Inference,block bootstrap,D,Künsch 1989; Politis & Romano 1994,Künsch; Politis & Romano,1989;1994,10.1214/aos/1176347265; 10.1080/01621459.1994.10476870,dependent stationary series,time-series methods,ordered,method papers,statistics,moving/stationary blocks under assumptions,bootstrap inference,not tailored automatically to estimated window metrics,MEDIUM,dependence relevant,block length and sampling unit unspecified,HAC; dependent rank test,candidate only,needs explicit design,REQUIRES DECISION
M25,Dependence,overlap train/val histories,A,pilot code inspection,project artifact,2026,,BTC snapshot,crypto,daily,2020 pilot,log return,"step30, train/validation ranges overlap, test segments adjacent/nonoverlap",window pairs,5 windows,HIGH,exact implementation,induces dependence,disjoint blocks/alternative rolling origins,model dependence,fact is locked; inference method not,LOCKED
M26,Multiplicity,primary hypothesis + adjustments,D,design risk; Elmakias 2026 profile,Elmakias et al.,2026,10.3390/math14132372,synthetic + binary data,general FS,varied,2026,AUC+stability,many metrics can yield multiple comparisons,descriptive profile,no BTC association analysis,LOW,many candidate tests,small samples magnify false positives,pre-register primary; adjust secondary,require prespecification,control familywise/FDR rationale,REQUIRES DECISION
M27,Leakage,causal t features; t+1 target; selector train,A,Phase 3 source tests,project artifact,2026,,BTCUSDT,crypto,daily,2017-2025,next-day log return,rolling trailing; shifted target; prefix test,unit tests / code audit,3 tests passed,HIGH,exact pipeline,audit only current code version,nested chronological pipeline,retain with renewed audit,temporal integrity,PROVISIONAL
M28,Scaling,none XGB; train-only if neural,D,PatchTST paper; model implementation,Nie et al.,2023,arXiv:2211.14730,general benchmark,TS,varied,varied,multivariate,scaler must fit train only if used,OOS,pilot XGB unscaled,LOW,tree model case,PatchTST preprocessing unspecified,standardization train-only,pending model choice,avoid future statistics,REQUIRES DECISION
M29,Tuning,pilot K first validation only; fixed other params,E,pilot code,project artifact,2026,,BTC daily,crypto,daily,pilot,log return,candidate K tested first validation only,pilot,not inferential evidence,INSUFFICIENT,no OOS tuning in pilot,single validation choice may not generalize,nested train/validation,freeze before full run,validation design needed,REQUIRES DECISION
M30,Robustness,Coinbase BTCUSD separate,A/E,Phase 2 audit; Youssefi multi-asset,project artifact; Youssefi et al.,2026;2025,10.32604/cmc.2025.063218,Coinbase BTCUSD/Binance BTCUSDT,crypto,daily,2015-2025,OHLCV,separate source/exchange,not piloted,LOW,cross-exchange check,"market structure differs, costs extra runs",subperiods,future only with approval,keep independent; no pooling,do not pool,PROVISIONAL
M31,Window count,71 if current sizes retained,E,calculation from feature artifact,project artifact,2026,,processed BTC feature rows,crypto,daily,2017-2025,next-day log return,range starts 0..2110 by30; 730+90+30=850 rows,arithmetic,71 complete windows,HIGH conditional,exact derived count,depends on final method freeze,recompute after decisions,71 conditional count,corrects rough 73,PROVISIONAL
