window,train_start,train_end,pre_oos_start,pre_oos_end,oos_start,oos_end,selected_features,jaccard,kuncheva,mae_xgb,rmse_xgb,mae_naive,rmse_naive
1,2015-10-17,2017-10-15,2017-10-16,2018-04-13,2018-04-14,2018-07-12,bb_percent_b_20|rolling_std_30|sma_30|ema_30|rsi_14|macd_12_26|volume_sma_14|return_3d|return_7d|obv,,,0.0264964259935571,0.0365796149124018,0.0256310973097932,0.0338673805928498
2,2016-01-15,2018-01-13,2018-01-14,2018-07-12,2018-07-13,2018-10-10,sma_7|ema_14|bb_percent_b_20|volume_sma_14|atr_14|return_3d|obv|macd_hist|rsi_14|rolling_std_30,0.4285714285714285,0.4,0.0214598198443796,0.0307547748342275,0.0202655912892922,0.0284834804884436
3,2016-04-14,2018-04-13,2018-04-14,2018-10-10,2018-10-11,2019-01-08,ema_30|sma_30|return_14d|volume_sma_14|bb_percent_b_20|ema_14|rsi_14|sma_90|stochastic_d_3|rolling_std_30,0.3333333333333333,0.25,0.0338274488462425,0.0518169776033058,0.0271906287031493,0.0427889421786672
4,2016-07-13,2018-07-12,2018-07-13,2019-01-08,2019-01-09,2019-04-08,sma_30|macd_signal_9|return_14d|ema_14|close|bb_percent_b_20|volume_sma_14|sma_14|atr_14|open,0.3333333333333333,0.25,0.0155739902922649,0.0286499252925348,0.0156502832962486,0.0291040624104555
5,2016-10-11,2018-10-10,2018-10-11,2019-04-08,2019-04-09,2019-07-07,sma_30|return_14d|ema_30|ema_14|volume_sma_14|open|bb_percent_b_20|sma_90|atr_14|rsi_14,0.5384615384615384,0.55,0.0341265873318101,0.0467581740045037,0.0333582332484453,0.0461752297862316
6,2017-01-09,2019-01-08,2019-01-09,2019-07-07,2019-07-08,2019-10-05,sma_7|ema_14|rsi_14|sma_90|macd_signal_9|close|bb_percent_b_20|volume_sma_14|sma_30|volume,0.4285714285714285,0.4,0.0288770523914343,0.0400073813200997,0.0262861982288286,0.0378650401466348
7,2017-04-09,2019-04-08,2019-04-09,2019-10-05,2019-10-06,2020-01-03,sma_7|return_14d|sma_30|rsi_14|ema_14|macd_signal_9|stochastic_d_3|sma_90|ema_30|macd_hist,0.4285714285714285,0.4,0.0224926076733126,0.033258871335447,0.0217534695590313,0.0320654097383546
8,2017-07-08,2019-07-07,2019-07-08,2020-01-03,2020-01-04,2020-04-02,sma_30|sma_7|rsi_14|rolling_std_14|ema_7|bb_percent_b_20|volume_sma_14|return_14d|ema_14|macd_signal_9,0.4285714285714285,0.4,0.0386463585769442,0.0689872833512276,0.0342443732607275,0.0662592572437556
9,2017-10-06,2019-10-05,2019-10-06,2020-04-02,2020-04-03,2020-07-01,close|return_14d|ema_30|rsi_14|volume_sma_14|macd_signal_9|ema_14|obv|rolling_std_14|sma_30,0.5384615384615384,0.55,0.0323061281439636,0.0417279821149976,0.0240462045957366,0.0339050391457429
10,2018-01-04,2020-01-03,2020-01-04,2020-07-01,2020-07-02,2020-09-29,close|obv|return_3d|sma_30|rolling_std_14|return_14d|bb_width_20|rolling_std_30|macd_signal_9|stochastic_k_14,0.4285714285714285,0.4,0.0222673388329445,0.0277844608059766,0.0173812935184826,0.0257830447928817
11,2018-04-04,2020-04-02,2020-04-03,2020-09-29,2020-09-30,2020-12-28,bb_percent_b_20|close|ema_14|return_3d|return_14d|rolling_std_30|sma_7|sma_30|sma_14|sma_90,0.3333333333333333,0.25,0.0370304532690612,0.0467071801599652,0.0235233683557625,0.0321872257559798
12,2018-07-03,2020-07-01,2020-07-02,2020-12-28,2020-12-29,2021-03-28,return_3d|ema_14|bb_percent_b_20|return_14d|close|sma_30|open|macd_12_26|rolling_std_30|stochastic_d_3,0.5384615384615384,0.55,0.0387327720726127,0.0503496692633225,0.0368439877442743,0.0489109420060912
13,2018-10-01,2020-09-29,2020-09-30,2021-03-28,2021-03-29,2021-06-26,bb_percent_b_20|return_14d|close|return_3d|stochastic_d_3|bb_width_20|macd_12_26|rolling_std_14|stochastic_k_14|volume_sma_14,0.4285714285714285,0.4,0.0403419365469789,0.0547695298241208,0.0366042237214949,0.0499496710919277
14,2018-12-30,2020-12-28,2020-12-29,2021-06-26,2021-06-27,2021-09-24,obv|bb_percent_b_20|open|return_14d|stochastic_d_3|close|ema_14|macd_12_26|ema_30|return_7d,0.3333333333333333,0.25,0.0277672482202363,0.0354205866086492,0.0272271181651744,0.0346699614783632
15,2019-03-30,2021-03-28,2021-03-29,2021-09-24,2021-09-25,2021-12-23,sma_14|obv|bb_percent_b_20|return_14d|ema_30|sma_7|return_7d|high|atr_14|ema_14,0.4285714285714285,0.4,0.0316408568325291,0.0397096894760616,0.0261447930481096,0.0342435277546314
16,2019-06-28,2021-06-26,2021-06-27,2021-12-23,2021-12-24,2022-03-23,return_7d|obv|open|atr_14|sma_7|rsi_14|return_1d|macd_hist|ema_14|sma_90,0.3333333333333333,0.25,0.0248412177819894,0.0353728872607694,0.0246662539476086,0.0351613328882028
17,2019-09-26,2021-09-24,2021-09-25,2022-03-23,2022-03-24,2022-06-21,obv|macd_hist|bb_percent_b_20|sma_90|atr_14|sma_14|volume_change|rolling_std_30|stochastic_d_3|bb_width_20,0.25,0.1,0.030630492701005,0.0440347016006169,0.0287236776300938,0.0403940034899499
18,2019-12-25,2021-12-23,2021-12-24,2022-06-21,2022-06-22,2022-09-19,obv|sma_90|return_1d|close|rsi_14|bb_width_20|macd_12_26|stochastic_d_3|return_3d|volume_change,0.3333333333333333,0.25,0.0330945935007049,0.0571073947949735,0.0219868111519621,0.0318160539476705
19,2020-03-24,2022-03-23,2022-03-24,2022-09-19,2022-09-20,2022-12-18,sma_90|return_3d|macd_hist|low|sma_7|rsi_14|rolling_std_30|macd_12_26|return_7d|volume_sma_14,0.25,0.1,0.0195229721943353,0.0293652694387366,0.0178067303743139,0.0286484845755344
20,2020-06-22,2022-06-21,2022-06-22,2022-12-18,2022-12-19,2023-03-18,stochastic_d_3|close|rsi_14|ema_14|rolling_std_14|low|return_3d|macd_signal_9|obv|sma_7,0.25,0.1,0.0183041699909424,0.0270498181104133,0.0186275091749082,0.0282737117828587
21,2020-09-20,2022-09-19,2022-09-20,2023-03-18,2023-03-19,2023-06-16,sma_90|obv|return_3d|rolling_std_14|sma_30|return_14d|sma_14|macd_12_26|bb_width_20|bb_percent_b_20,0.1764705882352941,-0.05,0.0168308049434029,0.0219486713594503,0.0156514731528909,0.02097119527989
22,2020-12-19,2022-12-18,2022-12-19,2023-06-16,2023-06-17,2023-09-14,return_3d|sma_14|obv|macd_signal_9|bb_percent_b_20|macd_hist|rsi_14|macd_12_26|bb_width_20|return_14d,0.5384615384615384,0.55,0.0120526394951879,0.0189600112513797,0.0113006711071535,0.0183697162756222
23,2021-03-19,2023-03-18,2023-03-19,2023-09-14,2023-09-15,2023-12-13,ema_14|rolling_std_14|return_3d|macd_signal_9|bb_percent_b_20|sma_7|volume|rsi_14|sma_90|macd_hist,0.3333333333333333,0.25,0.0149464726608046,0.0224332292270341,0.014854444102483,0.0225265511251211
24,2021-06-17,2023-06-16,2023-06-17,2023-12-13,2023-12-14,2024-03-12,ema_30|return_3d|rolling_std_14|atr_14|bb_percent_b_20|rsi_14|stochastic_k_14|bb_width_20|return_7d|volume,0.3333333333333333,0.25,0.0215490603151427,0.0307887578465544,0.0195263808354389,0.0275216384637558
25,2021-09-15,2023-09-14,2023-09-15,2024-03-12,2024-03-13,2024-06-10,ema_30|ema_14|bb_percent_b_20|bb_width_20|rolling_std_14|stochastic_k_14|atr_14|return_1d|sma_90|sma_7,0.4285714285714285,0.4,0.0249526450230506,0.0333769813933933,0.0224130036402885,0.029998850569941
26,2021-12-14,2023-12-13,2023-12-14,2024-06-10,2024-06-11,2024-09-08,ema_30|return_3d|return_7d|stochastic_k_14|bb_percent_b_20|sma_14|volume|rolling_std_14|macd_12_26|ema_14,0.3333333333333333,0.25,0.0212521942304617,0.0282731522931387,0.0206465248831551,0.0279235773637552
27,2022-03-14,2024-03-12,2024-03-13,2024-09-08,2024-09-09,2024-12-07,sma_14|sma_30|ema_30|bb_percent_b_20|return_3d|macd_signal_9|ema_7|volume_change|ema_14|stochastic_k_14,0.4285714285714285,0.4,0.0234520438441737,0.0316673623277475,0.0176714955106054,0.0248369458699701
28,2022-06-12,2024-06-10,2024-06-11,2024-12-07,2024-12-08,2025-03-07,ema_14|bb_percent_b_20|rsi_14|obv|stochastic_k_14|sma_14|atr_14|volume|return_7d|sma_7,0.25,0.1,0.0211452499276262,0.028126040954444,0.0188267437465501,0.0262424894821723
29,2022-09-10,2024-09-08,2024-09-09,2025-03-07,2025-03-08,2025-06-05,ema_7|sma_30|sma_14|volume|stochastic_k_14|obv|atr_14|return_3d|rsi_14|bb_percent_b_20,0.5384615384615384,0.55,0.0194204363755748,0.0262714413806554,0.01751034227683,0.0246336240881577
30,2022-12-09,2024-12-07,2024-12-08,2025-06-05,2025-06-06,2025-09-03,sma_30|rolling_std_30|return_1d|ema_7|macd_hist|stochastic_k_14|obv|return_14d|bb_percent_b_20|rsi_14,0.4285714285714285,0.4,0.013154772802326,0.0172485254078774,0.0121942701302769,0.0161326052652138
31,2023-03-09,2025-03-07,2025-03-08,2025-09-03,2025-09-04,2025-12-02,close|macd_12_26|sma_30|macd_hist|return_1d|obv|stochastic_k_14|return_14d|rolling_std_30|rolling_std_14,0.5384615384615384,0.55,0.0220563198617964,0.0298817756803301,0.0166736151289044,0.0219222893447952
