dataset,jaccard_row_window,transition,jaccard_t,kuncheva_t,next_window_mae,next_window_rmse
Binance,2,1->2,0.1764705882352941,-0.05,0.0353073181051208,0.0467650240636595
Binance,3,2->3,0.1111111111111111,-0.2,0.0458548008524339,0.0589970512698107
Binance,4,3->4,0.5384615384615384,0.55,0.0379413735701549,0.0482405290083917
Binance,5,4->5,0.25,0.1,0.0289448462475327,0.0374728171931329
Binance,6,5->6,0.3333333333333333,0.25,0.0253169995254996,0.0374468795016213
Binance,7,6->7,0.6666666666666666,0.7,0.0249830241611797,0.0345360067550898
Binance,8,7->8,0.1764705882352941,-0.05,0.0328111901453037,0.0464228901591859
Binance,9,8->9,0.5384615384615384,0.55,0.2223294590928086,0.2806153956975458
Binance,10,9->10,0.1764705882352941,-0.05,0.0180315770394431,0.0286371174081092
Binance,11,10->11,0.25,0.1,0.0236856690409419,0.0329001008586837
Binance,12,11->12,0.25,0.1,0.0154798626754193,0.0210387960087873
Binance,13,12->13,0.3333333333333333,0.25,0.0130858702079851,0.0210645860803385
Binance,14,13->14,0.3333333333333333,0.25,0.0178517573001164,0.0246153033312645
Binance,15,14->15,0.5384615384615384,0.55,0.0244276197271349,0.0330433444134874
Binance,16,15->16,0.5384615384615384,0.55,0.0193380556361192,0.0254917356479941
Binance,17,16->17,0.4285714285714285,0.4,0.0206914623561607,0.0272050638574444
Binance,18,17->18,0.4285714285714285,0.4,0.0219190683364017,0.0293319586318302
Binance,19,18->19,0.25,0.1,0.0217118888341823,0.029580641755109
Binance,20,19->20,0.5384615384615384,0.55,0.0231247604062392,0.0285753514072748
Binance,21,20->21,0.5384615384615384,0.55,0.0130699719496258,0.0179243194023683
Coinbase,2,1->2,0.4285714285714285,0.4,0.0338274488462425,0.0518169776033058
Coinbase,3,2->3,0.3333333333333333,0.25,0.0155739902922649,0.0286499252925348
Coinbase,4,3->4,0.3333333333333333,0.25,0.0341265873318101,0.0467581740045037
Coinbase,5,4->5,0.5384615384615384,0.55,0.0288770523914343,0.0400073813200997
Coinbase,6,5->6,0.4285714285714285,0.4,0.0224926076733126,0.033258871335447
Coinbase,7,6->7,0.4285714285714285,0.4,0.0386463585769442,0.0689872833512276
Coinbase,8,7->8,0.4285714285714285,0.4,0.0323061281439636,0.0417279821149976
Coinbase,9,8->9,0.5384615384615384,0.55,0.0222673388329445,0.0277844608059766
Coinbase,10,9->10,0.4285714285714285,0.4,0.0370304532690612,0.0467071801599652
Coinbase,11,10->11,0.3333333333333333,0.25,0.0387327720726127,0.0503496692633225
Coinbase,12,11->12,0.5384615384615384,0.55,0.0403419365469789,0.0547695298241208
Coinbase,13,12->13,0.4285714285714285,0.4,0.0277672482202363,0.0354205866086492
Coinbase,14,13->14,0.3333333333333333,0.25,0.0316408568325291,0.0397096894760616
Coinbase,15,14->15,0.4285714285714285,0.4,0.0248412177819894,0.0353728872607694
Coinbase,16,15->16,0.3333333333333333,0.25,0.030630492701005,0.0440347016006169
Coinbase,17,16->17,0.25,0.1,0.0330945935007049,0.0571073947949735
Coinbase,18,17->18,0.3333333333333333,0.25,0.0195229721943353,0.0293652694387366
Coinbase,19,18->19,0.25,0.1,0.0183041699909424,0.0270498181104133
Coinbase,20,19->20,0.25,0.1,0.0168308049434029,0.0219486713594503
Coinbase,21,20->21,0.1764705882352941,-0.05,0.0120526394951879,0.0189600112513797
Coinbase,22,21->22,0.5384615384615384,0.55,0.0149464726608046,0.0224332292270341
Coinbase,23,22->23,0.3333333333333333,0.25,0.0215490603151427,0.0307887578465544
Coinbase,24,23->24,0.3333333333333333,0.25,0.0249526450230506,0.0333769813933933
Coinbase,25,24->25,0.4285714285714285,0.4,0.0212521942304617,0.0282731522931387
Coinbase,26,25->26,0.3333333333333333,0.25,0.0234520438441737,0.0316673623277475
Coinbase,27,26->27,0.4285714285714285,0.4,0.0211452499276262,0.028126040954444
Coinbase,28,27->28,0.25,0.1,0.0194204363755748,0.0262714413806554
Coinbase,29,28->29,0.5384615384615384,0.55,0.013154772802326,0.0172485254078774
Coinbase,30,29->30,0.4285714285714285,0.4,0.0220563198617964,0.0298817756803301
