Paper,Year,Domain,Dataset,Granularity,Target,Feature Selection,Temporal/Dynamic FS,Stability Metric,OOS Evaluation,Performance Metric,Stability-Performance Analysis,Bitcoin?,Explicit Stability↔OOS Error?,Closest Similarity,What Paper Establishes,What Paper Does NOT Establish,Impact on Our Gap,Evidence Location,Source URL,Full Text Available?,Confidence
"Bysik & Ślepaczuk, Machine Learning-Based Bitcoin Trading Under Transaction Costs: Evidence From Walk-Forward Forecasting",2026,"Bitcoin trading forecasting","BTC/USDT ~70k obs 2018-2026","Hourly","Next-hour log return","Training-only: rank TA features per fold; fixed nested OHLCV/TA/EGARCH tiers","Yes, 27-fold walk-forward","Jaccard adjacent folds, mean 0.673, range 0.333-1.000 (TA subset diagnostic)","Yes, 27 OOS folds","Trading ARC/ASD/MD/SR/IR; bootstrap/Holm","No explicit test found in full text; Jaccard appendix diagnostic, no correlation/regression against OOS forecast error","Yes","No, not identified in full-text audit","Very close for temporal selection + Jaccard + WF + OOS; different central question","BTC hourly, per-fold selection, Jaccard, OOS, WF; cost-aware trading and fold dispersion","No daily; no cross-exchange; no explicit Jaccard-to-corresponding OOS error association; stability not main RQ","Strong nearest comparator; gap survives narrowly if kill-test finds no direct paper","Appendix B.2 Table B.23; main text §§1,2,6; extracted full text D:/Hermes/Temp/dataset_screening/bysika_full.txt","https://arxiv.org/abs/2606.00060v1","Yes, full PDF extracted 135326 chars","HIGH"
"Barak & Parvini, Transfer-entropy-based dynamic feature selection for evaluating Bitcoin price drivers",2023,"Bitcoin price drivers","Bitcoin price/driver series","Not extracted","Price drivers/returns (verify full text)","Transfer entropy","Yes, dynamic information flow","Not identified","Not identified","Not identified","Not identified","Yes","Not identified","Close on dynamic FS; not known to analyze stability↔OOS error","Establishes dynamic FS and changing information flow in BTC per user-provided primary-source claim; full-text audit pending","Whether subset stability is measured and related to corresponding OOS errors is UNKNOWN","Kills novelty claim dynamic FS; does not currently kill narrow gap","Full-text pending; DOI metadata Crossref verified","https://doi.org/10.1002/fut.22453","Publisher page found; legal full text not obtained","MEDIUM for metadata, LOW for methods"
"Youssefi et al., Optimizing Forecast Accuracy in Cryptocurrency Markets: Evaluating Feature Selection Techniques for Technical Indicators",2025,"Cryptocurrency forecasting","BTC/USDT, ETH/USDT, BNB/USDT","Daily aggregation from minute data; multiple 1-20 day horizons (publisher text)","Price forecasting/log returns (verify full text)","MI, RFE, Random Forest Importance","Feature selection for horizons; WF evaluation","None reported in extracted article","Walk-forward","R²,RMSLE","No stability-performance analysis identified in available publisher extract","Yes (BTC/USDT)","No in extracted text; full text audit pending","Very close for FS + crypto + WF; not stability analysis","Feature selection in crypto + WF; >130 indicators, select 20; multi-horizon","No reported temporal stability metric or explicit stability↔OOS-error test in available extract","Kills FS+crypto+WF novelty; does not currently kill narrow gap","Publisher abstract + accessible article extraction; DOI metadata","https://doi.org/10.32604/cmc.2025.063218","Partial publisher text; full text not read","MEDIUM"
"Elmakias, Kolsky & Vilenchik, Feature Stability as a Trust Layer for Feature Selection: Resampling-Based Recurrence Profiles Beyond Predictive Performance",2026,"General ML methodology, not Bitcoin","Resampling-based ML datasets","Not extracted","Classification/prediction","Feature selection + recurrence profiles","Resampling, not temporal Bitcoin WF","Stability/recurrence profiles incl chance-aware measures (verify formula in full text)","Held-out predictive performance (verify full text)","Predictive metrics","Title/abstract indicate comparing stability and predictive performance; exact analysis needs full text","No","No Bitcoin-specific temporal test identified","Close conceptually to stability vs performance, not BTC OOS temporal relationship","Feature stability can be distinct diagnostic from predictive performance","Bitcoin forecasting application and temporal OOS error link not established from metadata/title","Kills broad claim nobody connects stability with prediction performance; narrows domain-specific gap","DOI metadata + search result only, full text not yet reviewed","https://doi.org/10.3390/math14132372","MDPI OA expected; retrieval pending","LOW until full text"
"Lazebnik & Rosenfeld, A new definition for feature selection stability analysis",2024,"Feature selection methodology","General methodology","N/A","N/A","Feature selection stability definitions","Addresses data drift/stability concepts (verify full text)","Alternative definition; exact measure to extract","Not applicable","N/A","No Bitcoin forecast test identified","No","No","Methodological foundation, not domain overlap","Classical stability measures have limitations; stability definition matters","No Bitcoin-specific OOS forecasting experiment identified in current evidence","Method-methodology counterpoint; gap unaffected unless expanded to analysis definition","DOI metadata verified; full text pending","https://doi.org/10.1007/s10472-024-09936-8","Full text retrieval pending","LOW until full text"
"WinnowML, Stable feature selection for maximizing prediction accuracy of time-based system modeling",2021/2022,"Time-based system modeling","Time-based system data","Temporal","Prediction accuracy","Stable feature selection","Time-based","Stability in method (details pending)","Prediction evaluation","Accuracy","Likely integrates stable FS and accuracy objective; full-text review required","No","No","Potential close conceptual overlap outside finance","Stable FS for time-based prediction exists","Bitcoin financial OOS error association not established","Potentially narrows gap but cannot assess until full text","Full-text pending","Citation/URL to verify","Unknown","LOW"
"Lee & Cai, Comparing model-specific and model-agnostic feature importance methods using machine learning with technical indicators",2026,"Financial forecasting","Financial technical indicators","Moving-window (claim in protocol; verify)","Forecast target unknown","Model-specific vs model-agnostic importance","Moving-window feature importance","Unknown","OOS possibly","Unknown","Unknown","Unknown","Unknown","Potentially close on temporal relevance/performance","Dynamic feature importance in finance may exist","Exact subset stability and corresponding OOS error association unknown","Kill broad dynamic-relevance novelty; narrow gap unresolved","Citation to verify in full text","Citation/URL to verify","Unknown","LOW"
"Nie et al., A Time Series is Worth 64 Words: Long-term Forecasting with Transformers (PatchTST)",2023,"Time-series forecasting method","ETT and benchmark datasets","Multivariate time-series","Forecast values","None","No FS stability analysis","None","Benchmark train/test","MSE, MAE","No stability-performance analysis","No","No","Model foundation only","Patch-based channel-independent Transformer for long-term forecasting","Does not address feature subset stability relationship","No direct impact on gap; model choice only","arXiv metadata; full text available","https://arxiv.org/abs/2211.14730","Yes","HIGH for metadata; methods not yet extracted"
"Liu et al., iTransformer: Inverted Transformers Are Effective for Time Series Forecasting",2024,"Time-series forecasting method","ECL, ETT, Exchange, Traffic, Weather, Solar, PEMS","Multivariate","Forecast values","None","No FS stability analysis","None","Benchmark evaluation","MSE, MAE","No stability-performance analysis","No","No","Model foundation only","Variable-token Transformer forecasting baseline","Does not address feature subset stability relationship","No direct impact on gap; model choice only","arXiv full text search extract","https://arxiv.org/abs/2310.06625","Yes","HIGH for metadata"
